{"cameraMode":{"drawMode":0,"name":"Shaded","section":"Shading Mode"},"sceneLighting":false,"audioPlay":false,"sceneViewState":{"m_AlwaysRefresh":false,"showFog":true,"showSkybox":false,"showFlares":true,"showImageEffects":true,"showParticleSystems":true,"showVisualEffectGraphs":true,"m_FxEnabled":false},"in2DMode":false,"pivot":{"x":-0.000038973987102508545,"y":0.0016438569873571396,"z":-0.026489853858947755},"rotation":{"x":0.12919995188713075,"y":0.278327077627182,"z":-0.03775808587670326,"w":0.9510459899902344},"size":0.5424308180809021,"orthographic":false}