{"cameraMode":{"drawMode":0,"name":"Shaded","section":"Shading Mode"},"sceneLighting":false,"audioPlay":false,"sceneViewState":{"m_AlwaysRefresh":false,"showFog":true,"showSkybox":false,"showFlares":true,"showImageEffects":true,"showParticleSystems":true,"showVisualEffectGraphs":true,"m_FxEnabled":false},"in2DMode":false,"pivot":{"x":0.5204368233680725,"y":0.29966482520103457,"z":0.23611867427825929},"rotation":{"x":-0.11568460613489151,"y":0.7185634970664978,"z":-0.12319549918174744,"w":-0.6746395230293274},"size":0.40718188881874087,"orthographic":false}