{"cameraMode":{"drawMode":0,"name":"Shaded","section":"Shading Mode"},"sceneLighting":false,"audioPlay":false,"sceneViewState":{"m_AlwaysRefresh":false,"showFog":true,"showSkybox":false,"showFlares":true,"showImageEffects":true,"showParticleSystems":true,"showVisualEffectGraphs":true,"m_FxEnabled":false},"in2DMode":false,"pivot":{"x":-0.000038973987102508545,"y":0.002916603349149227,"z":-0.0635519027709961},"rotation":{"x":0.11150486022233963,"y":0.8205044865608215,"z":-0.17126721143722535,"w":0.5339291095733643},"size":0.5781291127204895,"orthographic":false}