{"cameraMode":{"drawMode":0,"name":"Shaded","section":"Shading Mode"},"sceneLighting":false,"audioPlay":false,"sceneViewState":{"m_AlwaysRefresh":false,"showFog":true,"showSkybox":false,"showFlares":true,"showImageEffects":true,"showParticleSystems":true,"showVisualEffectGraphs":true,"m_FxEnabled":false},"in2DMode":false,"pivot":{"x":-8.344650268554688e-7,"y":-0.00727824866771698,"z":-0.2516736388206482},"rotation":{"x":-0.19491159915924073,"y":-0.6963909864425659,"z":0.20584511756896974,"w":-0.6593772768974304},"size":0.7807886004447937,"orthographic":false}