{"cameraMode":{"drawMode":0,"name":"Shaded","section":"Shading Mode"},"sceneLighting":false,"audioPlay":false,"sceneViewState":{"m_AlwaysRefresh":false,"showFog":true,"showSkybox":false,"showFlares":true,"showImageEffects":true,"showParticleSystems":true,"showVisualEffectGraphs":true,"m_FxEnabled":false},"in2DMode":false,"pivot":{"x":-0.4348523020744324,"y":2.9948360919952394,"z":-0.035702288150787356},"rotation":{"x":-0.20759141445159913,"y":-0.6691062450408936,"z":0.20303039252758027,"w":-0.6841188073158264},"size":0.8848432302474976,"orthographic":false}