{"cameraMode":{"drawMode":0,"name":"Shaded","section":"Shading Mode"},"sceneLighting":false,"audioPlay":false,"sceneViewState":{"m_AlwaysRefresh":false,"showFog":true,"showSkybox":false,"showFlares":true,"showImageEffects":true,"showParticleSystems":true,"showVisualEffectGraphs":true,"m_FxEnabled":false},"in2DMode":false,"pivot":{"x":-0.000038973987102508545,"y":0.008614886552095414,"z":-0.045468807220458987},"rotation":{"x":0.2140258252620697,"y":0.6411252617835999,"z":-0.19282715022563935,"w":0.7113655209541321},"size":0.6675711870193481,"orthographic":false}