{"cameraMode":{"drawMode":0,"name":"Shaded","section":"Shading Mode"},"sceneLighting":false,"audioPlay":false,"sceneViewState":{"m_AlwaysRefresh":false,"showFog":true,"showSkybox":false,"showFlares":true,"showImageEffects":true,"showParticleSystems":true,"showVisualEffectGraphs":true,"m_FxEnabled":false},"in2DMode":false,"pivot":{"x":-0.5509569644927979,"y":0.017932042479515077,"z":0.003522012382745743},"rotation":{"x":-0.1983930766582489,"y":-0.18487197160720826,"z":0.03810466453433037,"w":-0.9618237018585205},"size":0.657235860824585,"orthographic":false}